{
    "tree": {
        "precision": 1.0,
        "recall": 0.9016393442622951,
        "f1": 0.9482758620689655
    },
    "bayes": {
        "precision": 0.9482758620689655,
        "recall": 0.9016393442622951,
        "f1": 0.9243697478991596
    }
}